Año,Mes,Variación Mensual
1954,Jul,
1954,Jul,
1954,Jul,
1954,Jul,
1954,Ago,"-,76"
1954,Ago,"-,50"
1954,Ago,"-,89"
1954,Ago,"-,89"
1954,Sep,"-,90"
1954,Sep,"-1,59"
1954,Sep,"-1,59"
1954,Sep,"-1,37"
1954,Oct,",34"
1954,Oct,",41"
1954,Oct,",30"
1954,Oct,",30"
1954,Nov,",20"
1954,Nov,",30"
1954,Nov,",30"
1954,Nov,",27"
1954,Dic,",40"
1954,Dic,",40"
1954,Dic,",81"
1954,Dic,",54"
1955,Ene,"-,20"
1955,Ene,"-,20"
1955,Ene,"-,10"
1955,Ene,"-,17"
1955,Feb,"-,10"
1955,Feb,"-,10"
1955,Feb,
1955,Feb,"-,07"
1955,Mar,",40"
1955,Mar,",40"
1955,Mar,",40"
1955,Mar,",40"
1955,Abr,",70"
1955,Abr,",50"
1955,Abr,",80"
1955,Abr,",80"
1955,May,"-,30"
1955,May,"-,50"
1955,May,"-,50"
1955,May,"-,43"
1955,Jun,"-,20"
1955,Jun,",20"
1955,Jun,"-,20"
1955,Jun,"-,07"
1955,Jul,"-,23"
1955,Jul,"-,10"
1955,Jul,"-,30"
1955,Jul,"-,30"
1955,Ago,
1955,Ago,",30"
1955,Ago,
1955,Ago,",10"
1955,Sep,"-,60"
1955,Sep,"-,53"
1955,Sep,"-,40"
1955,Sep,"-,60"
1955,Oct,",40"
1955,Oct,",20"
1955,Oct,",20"
1955,Oct,",27"
1955,Nov,",94"
1955,Nov,"1,11"
1955,Nov,"1,11"
1955,Nov,",59"
1955,Dic,",98"
1955,Dic,"1,19"
1955,Dic,"1,19"
1955,Dic,"1,12"
1956,Ene,"-,10"
1956,Ene,"-,10"
1956,Ene,"-,10"
1956,Ene,"-,10"
1956,Feb,",39"
1956,Feb,",39"
1956,Feb,",39"
1956,Feb,",39"
1956,Mar,",91"
1956,Mar,",58"
1956,Mar,"1,08"
1956,Mar,"1,08"
1956,Abr,",68"
1956,Abr,",68"
1956,Abr,",58"
1956,Abr,",65"
1956,May,",86"
1956,May,",74"
1956,May,",67"
1956,May,",67"
1956,Jun,",92"
1956,Jun,",67"
1956,Jun,"1,05"
1956,Jun,"1,05"
1956,Jul,",76"
1956,Jul,",76"
1956,Jul,",85"
1956,Jul,",79"
1956,Ago,"-,47"
1956,Ago,"-,09"
1956,Ago,"-,66"
1956,Ago,"-,66"
1956,Sep,",88"
1956,Sep,",75"
1956,Sep,",95"
1956,Sep,",95"
1956,Oct,"1,25"
1956,Oct,"1,41"
1956,Oct,"1,41"
1956,Oct,",93"
1956,Nov,"1,42"
1956,Nov,"1,48"
1956,Nov,"1,48"
1956,Nov,"1,29"
1956,Dic,",27"
1956,Dic,",46"
1956,Dic,",18"
1956,Dic,",18"
1957,Ene,"1,45"
1957,Ene,"1,45"
1957,Ene,",64"
1957,Ene,"1,18"
1957,Feb,"1,25"
1957,Feb,"1,25"
1957,Feb,"1,32"
1957,Feb,"1,44"
1957,Mar,"1,86"
1957,Mar,"1,51"
1957,Mar,"1,86"
1957,Mar,"1,74"
1957,Abr,"1,84"
1957,Abr,"2,24"
1957,Abr,"2,43"
1957,Abr,"2,43"
1957,May,"1,28"
1957,May,",95"
1957,May,"1,44"
1957,May,"1,44"
1957,Jun,"4,10"
1957,Jun,"3,41"
1957,Jun,"4,43"
1957,Jun,"4,43"
1957,Jul,"3,05"
1957,Jul,"2,56"
1957,Jul,"2,56"
1957,Jul,"2,72"
1957,Ago,"1,23"
1957,Ago,"1,36"
1957,Ago,"1,17"
1957,Ago,"1,17"
1957,Sep,",79"
1957,Sep,",31"
1957,Sep,",31"
1957,Sep,",46"
1957,Oct,"1,44"
1957,Oct,"1,41"
1957,Oct,"1,46"
1957,Oct,"1,46"
1957,Nov,",31"
1957,Nov,",30"
1957,Nov,",30"
1957,Nov,",31"
1957,Dic,",91"
1957,Dic,",91"
1957,Dic,"1,15"
1957,Dic,",99"
1958,Ene,
1958,Ene,",22"
1958,Ene,",22"
1958,Ene,",15"
1958,Feb,",07"
1958,Feb,",07"
1958,Feb,",23"
1958,Feb,",12"
1958,Mar,"1,64"
1958,Mar,"1,64"
1958,Mar,"1,58"
1958,Mar,"1,44"
1958,Abr,"1,84"
1958,Abr,"1,84"
1958,Abr,"1,42"
1958,Abr,"1,70"
1958,May,"2,09"
1958,May,"1,77"
1958,May,"2,09"
1958,May,"1,99"
1958,Jun,",43"
1958,Jun,",42"
1958,Jun,",42"
1958,Jun,",43"
1958,Jul,",43"
1958,Jul,"-,07"
1958,Jul,"-,07"
1958,Jul,",09"
1958,Ago,",70"
1958,Ago,",70"
1958,Ago,",86"
1958,Ago,",76"
1958,Sep,",07"
1958,Sep,",21"
1958,Sep,",21"
1958,Sep,",16"
1958,Oct,",21"
1958,Oct,",21"
1958,Oct,",57"
1958,Oct,",33"
1958,Nov,"-,14"
1958,Nov,"-,14"
1958,Nov,"-,05"
1958,Nov,",14"
1958,Dic,",42"
1958,Dic,",57"
1958,Dic,",42"
1958,Dic,",47"
1959,Ene,"1,74"
1959,Ene,"1,74"
1959,Ene,"1,12"
1959,Ene,"1,54"
1959,Feb,",96"
1959,Feb,",83"
1959,Feb,",92"
1959,Feb,",96"
1959,Mar,",43"
1959,Mar,",62"
1959,Mar,",34"
1959,Mar,",34"
1959,Abr,"1,23"
1959,Abr,"1,75"
1959,Abr,"1,75"
1959,Abr,"1,58"
1959,May,",74"
1959,May,",73"
1959,May,",73"
1959,May,",73"
1959,Jun,",66"
1959,Jun,",67"
1959,Jun,",66"
1959,Jun,",66"
1959,Jul,",59"
1959,Jul,",87"
1959,Jul,",46"
1959,Jul,",46"
1959,Ago,",17"
1959,Ago,",07"
1959,Ago,",07"
1959,Ago,",40"
1959,Sep,"-,35"
1959,Sep,"-,13"
1959,Sep,"-,45"
1959,Sep,"-,45"
1959,Oct,",46"
1959,Oct,",24"
1959,Oct,",13"
1959,Oct,",13"
1959,Nov,",26"
1959,Nov,",13"
1959,Nov,",22"
1959,Nov,",26"
1959,Dic,",85"
1959,Dic,",85"
1959,Dic,",79"
1959,Dic,",83"
1960,Ene,",20"
1960,Ene,",39"
1960,Ene,",39"
1960,Ene,",32"
1960,Feb,"-,39"
1960,Feb,"-,39"
1960,Feb,"-,13"
1960,Feb,"-,30"
1960,Mar,"1,35"
1960,Mar,"1,35"
1960,Mar,"1,29"
1960,Mar,"1,17"
1960,Abr,"1,08"
1960,Abr,"1,08"
1960,Abr,",71"
1960,Abr,",96"
1960,May,",82"
1960,May,",64"
1960,May,",82"
1960,May,",76"
1960,Jun,",19"
1960,Jun,",06"
1960,Jun,",06"
1960,Jun,",10"
1960,Jul,",46"
1960,Jul,",76"
1960,Jul,",31"
1960,Jul,",31"
1960,Ago,",38"
1960,Ago,",33"
1960,Ago,",31"
1960,Ago,",31"
1960,Sep,",25"
1960,Sep,",25"
1960,Sep,",19"
1960,Sep,",23"
1960,Oct,",69"
1960,Oct,",80"
1960,Oct,",80"
1960,Oct,",77"
1960,Nov,"1,23"
1960,Nov,"1,23"
1960,Nov,"1,17"
1960,Nov,"1,05"
1960,Dic,"1,04"
1960,Dic,",92"
1960,Dic,"1,09"
1960,Dic,"1,09"
1961,Ene,",54"
1961,Ene,",54"
1961,Ene,",55"
1961,Ene,",54"
1961,Feb,",42"
1961,Feb,",42"
1961,Feb,",42"
1961,Feb,",42"
1961,Mar,"1,72"
1961,Mar,"1,72"
1961,Mar,"1,39"
1961,Mar,"1,61"
1961,Abr,"2,04"
1961,Abr,"1,43"
1961,Abr,"2,34"
1961,Abr,"2,34"
1961,May,"1,25"
1961,May,"1,25"
1961,May,",76"
1961,May,"1,10"
1961,Jun,",17"
1961,Jun,",13"
1961,Jun,",11"
1961,Jun,",11"
1961,Jul,",24"
1961,Jul,",64"
1961,Jul,",06"
1961,Jul,",06"
1961,Ago,"-1,41"
1961,Ago,"-1,41"
1961,Ago,"-,63"
1961,Ago,"-1,16"
1961,Sep,"-,63"
1961,Sep,"-,06"
1961,Sep,"-,91"
1961,Sep,"-,91"
1961,Oct,",12"
1961,Oct,",17"
1961,Oct,",17"
1961,Oct,",15"
1961,Nov,",52"
1961,Nov,",52"
1961,Nov,",52"
1961,Nov,",52"
1961,Dic,",75"
1961,Dic,",63"
1961,Dic,",63"
1961,Dic,",67"
1962,Ene,",45"
1962,Ene,",40"
1962,Ene,",44"
1962,Ene,",45"
1962,Feb,
1962,Feb,
1962,Feb,",29"
1962,Feb,",09"
1962,Mar,",89"
1962,Mar,",85"
1962,Mar,",90"
1962,Mar,",90"
1962,Abr,"1,18"
1962,Abr,",85"
1962,Abr,"1,35"
1962,Abr,"1,35"
1962,May,",28"
1962,May,
1962,May,
1962,May,",09"
1962,Jun,",22"
1962,Jun,",07"
1962,Jun,
1962,Jun,
1962,Jul,",94"
1962,Jul,",94"
1962,Jul,"1,00"
1962,Jul,",96"
1962,Ago,
1962,Ago,
1962,Ago,",04"
1962,Ago,",11"
1962,Sep,",60"
1962,Sep,",55"
1962,Sep,",72"
1962,Sep,",55"
1962,Oct,",27"
1962,Oct,",27"
1962,Oct,",38"
1962,Oct,",31"
1962,Nov,",65"
1962,Nov,",76"
1962,Nov,",60"
1962,Nov,",60"
1962,Dic,",86"
1962,Dic,",86"
1962,Dic,",70"
1962,Dic,",81"
1963,Ene,"3,17"
1963,Ene,"4,02"
1963,Ene,"4,02"
1963,Ene,"3,74"
1963,Feb,"6,18"
1963,Feb,"6,18"
1963,Feb,"5,82"
1963,Feb,"6,06"
1963,Mar,"5,38"
1963,Mar,"5,38"
1963,Mar,"5,18"
1963,Mar,"4,77"
1963,Abr,"4,51"
1963,Abr,"4,51"
1963,Abr,"3,99"
1963,Abr,"4,34"
1963,May,"1,23"
1963,May,"1,26"
1963,May,"1,23"
1963,May,"1,24"
1963,Jun,"1,87"
1963,Jun,"2,39"
1963,Jun,"2,39"
1963,Jun,"2,22"
1963,Jul,",96"
1963,Jul,",68"
1963,Jul,",68"
1963,Jul,",77"
1963,Ago,",25"
1963,Ago,",25"
1963,Ago,",26"
1963,Ago,",26"
1963,Sep,",99"
1963,Sep,"1,05"
1963,Sep,"1,05"
1963,Sep,"1,03"
1963,Oct,"1,15"
1963,Oct,"1,87"
1963,Oct,"1,87"
1963,Oct,"1,64"
1963,Nov,"2,10"
1963,Nov,"2,37"
1963,Nov,"2,37"
1963,Nov,"1,52"
1963,Dic,",93"
1963,Dic,",87"
1963,Dic,",96"
1963,Dic,",96"
1964,Ene,"1,46"
1964,Ene,"1,46"
1964,Ene,"1,45"
1964,Ene,"1,46"
1964,Feb,",43"
1964,Feb,",43"
1964,Feb,",81"
1964,Feb,",55"
1964,Mar,"2,37"
1964,Mar,"2,37"
1964,Mar,"2,22"
1964,Mar,"2,32"
1964,Abr,"2,32"
1964,Abr,"1,94"
1964,Abr,"2,50"
1964,Abr,"2,50"
1964,May,"3,59"
1964,May,"3,59"
1964,May,"2,29"
1964,May,"3,17"
1964,Jun,"1,21"
1964,Jun,"1,51"
1964,Jun,"1,64"
1964,Jun,"1,64"
1964,Jul,"-1,19"
1964,Jul,"-1,19"
1964,Jul,"-,07"
1964,Jul,"-,84"
1964,Ago,"-1,71"
1964,Ago,"-1,71"
1964,Ago,"-1,01"
1964,Ago,"-1,49"
1964,Sep,"-,65"
1964,Sep,"-,34"
1964,Sep,"-,80"
1964,Sep,"-,80"
1964,Oct,"-,77"
1964,Oct,"-,46"
1964,Oct,"-,91"
1964,Oct,"-,91"
1964,Nov,",88"
1964,Nov,",88"
1964,Nov,",69"
1964,Nov,",82"
1964,Dic,",11"
1964,Dic,",11"
1964,Dic,",30"
1964,Dic,",17"
1965,Ene,"1,53"
1965,Ene,"1,53"
1965,Ene,"1,17"
1965,Ene,"1,41"
1965,Feb,"-1,22"
1965,Feb,"-1,22"
1965,Feb,"-,97"
1965,Feb,"-,45"
1965,Mar,"1,34"
1965,Mar,"1,57"
1965,Mar,"1,34"
1965,Mar,"1,42"
1965,Abr,"1,59"
1965,Abr,"1,75"
1965,Abr,"1,83"
1965,Abr,"1,83"
1965,May,"1,25"
1965,May,"1,20"
1965,May,"1,27"
1965,May,"1,27"
1965,Jun,"1,52"
1965,Jun,"1,36"
1965,Jun,"1,60"
1965,Jun,"1,60"
1965,Jul,",46"
1965,Jul,"-,10"
1965,Jul,"-,10"
1965,Jul,",08"
1965,Ago,",21"
1965,Ago,",42"
1965,Ago,",10"
1965,Ago,",10"
1965,Sep,"1,19"
1965,Sep,",79"
1965,Sep,",79"
1965,Sep,",92"
1965,Oct,"2,16"
1965,Oct,"1,98"
1965,Oct,"2,24"
1965,Oct,"2,24"
1965,Nov,"1,26"
1965,Nov,"1,46"
1965,Nov,"1,46"
1965,Nov,"1,40"
1965,Dic,"2,65"
1965,Dic,"2,65"
1965,Dic,"2,12"
1965,Dic,"2,48"
1966,Ene,"1,32"
1966,Ene,"1,28"
1966,Ene,"1,28"
1966,Ene,"1,29"
1966,Feb,"1,23"
1966,Feb,"1,23"
1966,Feb,"1,40"
1966,Feb,"1,28"
1966,Mar,"2,49"
1966,Mar,"2,49"
1966,Mar,"2,45"
1966,Mar,"2,37"
1966,Abr,"3,19"
1966,Abr,"3,19"
1966,Abr,"2,53"
1966,Abr,"2,98"
1966,May,"1,18"
1966,May,"1,16"
1966,May,"1,18"
1966,May,"1,17"
1966,Jun,"-,06"
1966,Jun,"-,06"
1966,Jun,"-,06"
1966,Jun,"-,06"
1966,Jul,"-,17"
1966,Jul,"-,17"
1966,Jul,",66"
1966,Jul,",10"
1966,Ago,",06"
1966,Ago,"-,26"
1966,Ago,"-,41"
1966,Ago,"-,41"
1966,Sep,"1,09"
1966,Sep,"1,23"
1966,Sep,"1,02"
1966,Sep,"1,02"
1966,Oct,"1,08"
1966,Oct,"1,04"
1966,Oct,"1,10"
1966,Oct,"1,10"
1966,Nov,",21"
1966,Nov,",29"
1966,Nov,",29"
1966,Nov,",26"
1966,Dic,",91"
1966,Dic,",91"
1966,Dic,",67"
1966,Dic,",84"
1967,Ene,",45"
1967,Ene,",45"
1967,Ene,",67"
1967,Ene,",52"
1967,Feb,",42"
1967,Feb,",42"
1967,Feb,",52"
1967,Feb,",45"
1967,Mar,"1,12"
1967,Mar,"1,12"
1967,Mar,"1,03"
1967,Mar,"1,09"
1967,Abr,",39"
1967,Abr,",39"
1967,Abr,",39"
1967,Abr,",40"
1967,May,",64"
1967,May,",62"
1967,May,",64"
1967,May,",63"
1967,Jun,"1,76"
1967,Jun,"1,60"
1967,Jun,"1,84"
1967,Jun,"1,84"
1967,Jul,
1967,Jul,
1967,Jul,",47"
1967,Jul,",15"
1967,Ago,"-,24"
1967,Ago,"-,24"
1967,Ago,
1967,Ago,"-,16"
1967,Sep,",34"
1967,Sep,",27"
1967,Sep,",27"
1967,Sep,",50"
1967,Oct,",78"
1967,Oct,",78"
1967,Oct,",77"
1967,Oct,",78"
1967,Nov,",64"
1967,Nov,",64"
1967,Nov,",56"
1967,Nov,",38"
1967,Dic,",35"
1967,Dic,",44"
1967,Dic,",48"
1967,Dic,",48"
1968,Ene,",92"
1968,Ene,"1,03"
1968,Ene,"1,03"
1968,Ene,",99"
1968,Feb,"-,08"
1968,Feb,"-,08"
1968,Feb,",13"
1968,Feb,"-,01"
1968,Mar,"1,05"
1968,Mar,"1,05"
1968,Mar,"1,05"
1968,Mar,"1,07"
1968,Abr,"1,63"
1968,Abr,"1,63"
1968,Abr,"1,67"
1968,Abr,"1,64"
1968,May,",71"
1968,May,",57"
1968,May,",71"
1968,May,",67"
1968,Jun,",23"
1968,Jun,",46"
1968,Jun,",46"
1968,Jun,",38"
1968,Jul,",83"
1968,Jul,",78"
1968,Jul,",78"
1968,Jul,",80"
1968,Ago,"-,33"
1968,Ago,"-,33"
1968,Ago,"-,05"
1968,Ago,"-,24"
1968,Sep,",26"
1968,Sep,",08"
1968,Sep,",08"
1968,Sep,",13"
1968,Oct,",40"
1968,Oct,",40"
1968,Oct,",23"
1968,Oct,",35"
1968,Nov,",67"
1968,Nov,",67"
1968,Nov,",70"
1968,Nov,",74"
1968,Dic,"-,17"
1968,Dic,"-,05"
1968,Dic,"-,17"
1968,Dic,"-,13"
1969,Ene,"1,17"
1969,Ene,"1,17"
1969,Ene,"1,21"
1969,Ene,"1,18"
1969,Feb,"-,42"
1969,Feb,"-,42"
1969,Feb,"-,03"
1969,Feb,"-,29"
1969,Mar,",86"
1969,Mar,",86"
1969,Mar,",75"
1969,Mar,",83"
1969,Abr,"1,66"
1969,Abr,"1,24"
1969,Abr,"1,86"
1969,Abr,"1,86"
1969,May,",89"
1969,May,",89"
1969,May,",91"
1969,May,",89"
1969,Jun,",41"
1969,Jun,",54"
1969,Jun,",60"
1969,Jun,",60"
1969,Jul,",28"
1969,Jul,",28"
1969,Jul,",63"
1969,Jul,",40"
1969,Ago,",35"
1969,Ago,",35"
1969,Ago,",37"
1969,Ago,",41"
1969,Sep,",65"
1969,Sep,",68"
1969,Sep,",57"
1969,Sep,",68"
1969,Oct,"1,42"
1969,Oct,"1,42"
1969,Oct,"1,02"
1969,Oct,"1,29"
1969,Nov,",25"
1969,Nov,",45"
1969,Nov,",16"
1969,Nov,",16"
1969,Dic,",51"
1969,Dic,",51"
1969,Dic,",63"
1969,Dic,",55"
1970,Ene,",37"
1970,Ene,"-,18"
1970,Ene,"-,18"
1970,Ene,
1970,Feb,"-,05"
1970,Feb,"-,05"
1970,Feb,",16"
1970,Feb,",02"
1970,Mar,",80"
1970,Mar,",80"
1970,Mar,",85"
1970,Mar,",95"
1970,Abr,"1,57"
1970,Abr,"1,57"
1970,Abr,"1,01"
1970,Abr,"1,39"
1970,May,",49"
1970,May,",52"
1970,May,",49"
1970,May,",50"
1970,Jun,",84"
1970,Jun,"1,16"
1970,Jun,"1,16"
1970,Jun,"1,05"
1970,Jul,",31"
1970,Jul,",26"
1970,Jul,",26"
1970,Jul,",28"
1970,Ago,"-,73"
1970,Ago,"-,73"
1970,Ago,"-,27"
1970,Ago,"-,58"
1970,Sep,",76"
1970,Sep,",71"
1970,Sep,",71"
1970,Sep,",73"
1970,Oct,",07"
1970,Oct,"-,02"
1970,Oct,"-,02"
1970,Oct,",24"
1970,Nov,"1,07"
1970,Nov,"1,14"
1970,Nov,"1,14"
1970,Nov,"1,12"
1970,Dic,",98"
1970,Dic,"1,03"
1970,Dic,",96"
1970,Dic,",96"
1971,Ene,"1,33"
1971,Ene,"1,70"
1971,Ene,"1,70"
1971,Ene,"1,58"
1971,Feb,",83"
1971,Feb,",83"
1971,Feb,",88"
1971,Feb,",84"
1971,Mar,",92"
1971,Mar,",92"
1971,Mar,",99"
1971,Mar,"1,13"
1971,Abr,"2,08"
1971,Abr,"2,08"
1971,Abr,"1,30"
1971,Abr,"1,83"
1971,May,"1,30"
1971,May,",98"
1971,May,"1,30"
1971,May,"1,20"
1971,Jun,",60"
1971,Jun,",54"
1971,Jun,",54"
1971,Jun,",56"
1971,Jul,"1,35"
1971,Jul,"1,38"
1971,Jul,"1,38"
1971,Jul,"1,37"
1971,Ago,"1,11"
1971,Ago,"1,11"
1971,Ago,",99"
1971,Ago,"1,07"
1971,Sep,",70"
1971,Sep,",88"
1971,Sep,",88"
1971,Sep,",82"
1971,Oct,"1,49"
1971,Oct,"1,49"
1971,Oct,"1,23"
1971,Oct,"1,41"
1971,Nov,"1,11"
1971,Nov,"1,11"
1971,Nov,"1,07"
1971,Nov,"1,00"
1971,Dic,",49"
1971,Dic,",47"
1971,Dic,",49"
1971,Dic,",48"
1972,Ene,"1,10"
1972,Ene,"1,37"
1972,Ene,",98"
1972,Ene,",98"
1972,Feb,"1,15"
1972,Feb,"1,18"
1972,Feb,"1,13"
1972,Feb,"1,13"
1972,Mar,"1,15"
1972,Mar,",98"
1972,Mar,",90"
1972,Mar,",90"
1972,Abr,"1,34"
1972,Abr,"1,57"
1972,Abr,"1,49"
1972,Abr,"1,57"
1972,May,",91"
1972,May,",91"
1972,May,",57"
1972,May,",80"
1972,Jun,"1,10"
1972,Jun,",95"
1972,Jun,"1,05"
1972,Jun,"1,10"
1972,Jul,"1,16"
1972,Jul,"1,16"
1972,Jul,"1,17"
1972,Jul,"1,18"
1972,Ago,",79"
1972,Ago,",63"
1972,Ago,",63"
1972,Ago,",68"
1972,Sep,"1,42"
1972,Sep,"1,51"
1972,Sep,"1,42"
1972,Sep,"1,45"
1972,Oct,"1,97"
1972,Oct,"2,13"
1972,Oct,"2,13"
1972,Oct,"1,64"
1972,Nov,"1,18"
1972,Nov,"1,18"
1972,Nov,"1,03"
1972,Nov,"1,13"
1972,Dic,",05"
1972,Dic,",05"
1972,Dic,",53"
1972,Dic,",20"
1973,Ene,",94"
1973,Ene,",94"
1973,Ene,"1,34"
1973,Ene,"1,07"
1973,Feb,"2,06"
1973,Feb,"2,06"
1973,Feb,"1,95"
1973,Feb,"2,02"
1973,Mar,"3,03"
1973,Mar,"3,66"
1973,Mar,"3,66"
1973,Mar,"3,46"
1973,Abr,"3,76"
1973,Abr,"3,76"
1973,Abr,"2,97"
1973,Abr,"3,51"
1973,May,"2,99"
1973,May,"3,39"
1973,May,"3,39"
1973,May,"2,16"
1973,Jun,"1,93"
1973,Jun,"1,39"
1973,Jun,"2,18"
1973,Jun,"2,18"
1973,Jul,"1,58"
1973,Jul,"2,18"
1973,Jul,"2,18"
1973,Jul,"1,99"
1973,Ago,"-,78"
1973,Ago,"-,78"
1973,Ago,",41"
1973,Ago,"-,41"
1973,Sep,"1,38"
1973,Sep,"1,39"
1973,Sep,"1,39"
1973,Sep,"1,37"
1973,Oct,",45"
1973,Oct,",45"
1973,Oct,",55"
1973,Oct,",76"
1973,Nov,"2,17"
1973,Nov,"1,95"
1973,Nov,"2,28"
1973,Nov,"2,28"
1973,Dic,"1,22"
1973,Dic,"1,16"
1973,Dic,"1,16"
1973,Dic,"1,18"
1974,Ene,"3,02"
1974,Ene,"3,02"
1974,Ene,"2,85"
1974,Ene,"2,51"
1974,Feb,"2,54"
1974,Feb,"2,41"
1974,Feb,"2,59"
1974,Feb,"2,59"
1974,Mar,"3,43"
1974,Mar,"2,99"
1974,Mar,"3,43"
1974,Mar,"3,29"
1974,Abr,"2,33"
1974,Abr,"2,89"
1974,Abr,"2,89"
1974,Abr,"2,72"
1974,May,"1,19"
1974,May,"1,19"
1974,May,"1,19"
1974,May,"1,17"
1974,Jun,",90"
1974,Jun,"1,35"
1974,Jun,"1,04"
1974,Jun,",90"
1974,Jul,",95"
1974,Jul,"1,42"
1974,Jul,",73"
1974,Jul,",73"
1974,Ago,",20"
1974,Ago,",20"
1974,Ago,",51"
1974,Ago,",30"
1974,Sep,"1,66"
1974,Sep,"1,55"
1974,Sep,"1,31"
1974,Sep,"1,66"
1974,Oct,"4,35"
1974,Oct,"4,20"
1974,Oct,"3,89"
1974,Oct,"4,35"
1974,Nov,"1,14"
1974,Nov,"1,01"
1974,Nov,"1,20"
1974,Nov,"1,20"
1974,Dic,"1,96"
1974,Dic,"1,93"
1974,Dic,"1,96"
1974,Dic,"1,86"
1975,Ene,"3,13"
1975,Ene,"3,13"
1975,Ene,"2,28"
1975,Ene,"2,86"
1975,Feb,"1,67"
1975,Feb,"1,68"
1975,Feb,"1,66"
1975,Feb,"1,66"
1975,Mar,"2,68"
1975,Mar,"2,74"
1975,Mar,"2,77"
1975,Mar,"2,77"
1975,Abr,"2,51"
1975,Abr,"2,13"
1975,Abr,"2,69"
1975,Abr,"2,69"
1975,May,"1,62"
1975,May,"1,83"
1975,May,"1,92"
1975,May,"1,92"
1975,Jun,",74"
1975,Jun,",86"
1975,Jun,",68"
1975,Jun,",68"
1975,Jul,",88"
1975,Jul,",60"
1975,Jul,",47"
1975,Jul,",47"
1975,Ago,
1975,Ago,",38"
1975,Ago,"-,17"
1975,Ago,"-,17"
1975,Sep,"1,40"
1975,Sep,"1,35"
1975,Sep,"1,33"
1975,Sep,"1,33"
1975,Oct,",96"
1975,Oct,",98"
1975,Oct,",98"
1975,Oct,",97"
1975,Nov,",58"
1975,Nov,",65"
1975,Nov,",55"
1975,Nov,",55"
1975,Dic,",63"
1975,Dic,",63"
1975,Dic,",73"
1975,Dic,",66"
1976,Ene,"2,27"
1976,Ene,"2,30"
1976,Ene,"2,30"
1976,Ene,"2,29"
1976,Feb,"2,28"
1976,Feb,"2,28"
1976,Feb,"2,38"
1976,Feb,"2,31"
1976,Mar,"2,01"
1976,Mar,"2,31"
1976,Mar,"2,01"
1976,Mar,"2,11"
1976,Abr,"1,83"
1976,Abr,"1,76"
1976,Abr,"1,86"
1976,Abr,"1,86"
1976,May,"1,34"
1976,May,"1,05"
1976,May,"1,34"
1976,May,"1,25"
1976,Jun,"2,62"
1976,Jun,"2,62"
1976,Jun,"2,51"
1976,Jun,"2,28"
1976,Jul,"2,61"
1976,Jul,"2,69"
1976,Jul,"2,57"
1976,Jul,"2,57"
1976,Ago,"1,52"
1976,Ago,"1,41"
1976,Ago,"1,45"
1976,Ago,"1,41"
1976,Sep,"1,72"
1976,Sep,"1,67"
1976,Sep,"1,67"
1976,Sep,"1,85"
1976,Oct,"1,71"
1976,Oct,"1,41"
1976,Oct,"1,61"
1976,Oct,"1,71"
1976,Nov,"2,56"
1976,Nov,"2,56"
1976,Nov,"2,16"
1976,Nov,"2,44"
1976,Dic,",95"
1976,Dic,",95"
1976,Dic,"1,20"
1976,Dic,"1,03"
1977,Ene,"2,20"
1977,Ene,"2,28"
1977,Ene,"2,28"
1977,Ene,"2,25"
1977,Feb,"4,03"
1977,Feb,"4,03"
1977,Feb,"3,25"
1977,Feb,"3,79"
1977,Mar,"4,07"
1977,Mar,"4,07"
1977,Mar,"4,01"
1977,Mar,"3,87"
1977,Abr,"7,61"
1977,Abr,"7,61"
1977,Abr,"5,98"
1977,Abr,"7,10"
1977,May,"4,66"
1977,May,"3,75"
1977,May,"4,66"
1977,May,"4,38"
1977,Jun,"2,55"
1977,Jun,"3,34"
1977,Jun,"3,34"
1977,Jun,"3,09"
1977,Jul,",94"
1977,Jul,"1,04"
1977,Jul,"1,04"
1977,Jul,"1,01"
1977,Ago,"-,60"
1977,Ago,"-,60"
1977,Ago,",30"
1977,Ago,"-,32"
1977,Sep,",74"
1977,Sep,"-,14"
1977,Sep,"-,14"
1977,Sep,",14"
1977,Oct,"-,42"
1977,Oct,"-,42"
1977,Oct,",16"
1977,Oct,"-,24"
1977,Nov,",07"
1977,Nov,",07"
1977,Nov,",14"
1977,Nov,",31"
1977,Dic,",37"
1977,Dic,",65"
1977,Dic,",37"
1977,Dic,",46"
1978,Ene,"1,36"
1978,Ene,",94"
1978,Ene,",94"
1978,Ene,"1,07"
1978,Feb,"1,36"
1978,Feb,"1,36"
1978,Feb,"1,69"
1978,Feb,"1,46"
1978,Mar,"3,22"
1978,Mar,"3,22"
1978,Mar,"3,20"
1978,Mar,"3,16"
1978,Abr,"1,69"
1978,Abr,"1,69"
1978,Abr,"1,45"
1978,Abr,"1,62"
1978,May,"2,36"
1978,May,"2,17"
1978,May,"2,36"
1978,May,"2,30"
1978,Jun,"2,43"
1978,Jun,"2,59"
1978,Jun,"2,59"
1978,Jun,"2,54"
1978,Jul,",21"
1978,Jul,"-,48"
1978,Jul,"-,48"
1978,Jul,"-,27"
1978,Ago,"-,03"
1978,Ago,"-,03"
1978,Ago,",50"
1978,Ago,",14"
1978,Sep,",63"
1978,Sep,",32"
1978,Sep,",32"
1978,Sep,",42"
1978,Oct,"2,14"
1978,Oct,"2,14"
1978,Oct,"1,91"
1978,Oct,"2,07"
1978,Nov,"1,41"
1978,Nov,"1,41"
1978,Nov,"1,40"
1978,Nov,"1,38"
1978,Dic,"1,08"
1978,Dic,"1,29"
1978,Dic,"1,08"
1978,Dic,"1,14"
1979,Ene,"3,50"
1979,Ene,"3,50"
1979,Ene,"3,30"
1979,Ene,"3,00"
1979,Feb,"1,73"
1979,Feb,"1,73"
1979,Feb,"2,03"
1979,Feb,"1,84"
1979,Mar,"4,08"
1979,Mar,"3,99"
1979,Mar,"4,09"
1979,Mar,"4,08"
1979,Abr,"1,83"
1979,Abr,"1,55"
1979,Abr,"2,00"
1979,Abr,"2,00"
1979,May,"2,32"
1979,May,"2,15"
1979,May,"1,80"
1979,May,"2,32"
1979,Jun,"1,83"
1979,Jun,"1,67"
1979,Jun,"1,83"
1979,Jun,"1,23"
1979,Jul,"1,29"
1979,Jul,"1,11"
1979,Jul,"1,11"
1979,Jul,"1,66"
1979,Ago,"1,79"
1979,Ago,"1,54"
1979,Ago,"1,86"
1979,Ago,"1,86"
1979,Sep,"2,20"
1979,Sep,"2,18"
1979,Sep,"2,16"
1979,Sep,"2,16"
1979,Oct,"1,54"
1979,Oct,",99"
1979,Oct,"1,39"
1979,Oct,"1,54"
1979,Nov,"2,65"
1979,Nov,"2,65"
1979,Nov,"1,96"
1979,Nov,"2,42"
1979,Dic,"1,56"
1979,Dic,"1,56"
1979,Dic,"1,76"
1979,Dic,"1,66"
1980,Ene,"2,31"
1980,Ene,"2,31"
1980,Ene,"2,52"
1980,Ene,"2,33"
1980,Feb,",97"
1980,Feb,",97"
1980,Feb,"1,23"
1980,Feb,"1,06"
1980,Mar,"2,10"
1980,Mar,"2,08"
1980,Mar,"2,08"
1980,Mar,"1,98"
1980,Abr,"3,06"
1980,Abr,"4,16"
1980,Abr,"4,16"
1980,Abr,"3,82"
1980,May,"3,47"
1980,May,"3,26"
1980,May,"3,57"
1980,May,"3,57"
1980,Jun,",98"
1980,Jun,"1,35"
1980,Jun,"1,35"
1980,Jun,"1,23"
1980,Jul,"1,45"
1980,Jul,",80"
1980,Jul,",80"
1980,Jul,"1,01"
1980,Ago,",79"
1980,Ago,",89"
1980,Ago,",80"
1980,Ago,",79"
1980,Sep,"1,70"
1980,Sep,"1,49"
1980,Sep,"1,66"
1980,Sep,"1,70"
1980,Oct,"2,19"
1980,Oct,"2,19"
1980,Oct,"2,22"
1980,Oct,"2,27"
1980,Nov,"2,27"
1980,Nov,"2,27"
1980,Nov,"1,96"
1980,Nov,"2,17"
1980,Dic,"1,54"
1980,Dic,"1,02"
1980,Dic,"1,37"
1980,Dic,"1,54"
1981,Ene,"2,09"
1981,Ene,"2,09"
1981,Ene,"2,08"
1981,Ene,"2,09"
1981,Feb,"3,07"
1981,Feb,"3,07"
1981,Feb,"2,58"
1981,Feb,"2,93"
1981,Mar,"2,75"
1981,Mar,"2,55"
1981,Mar,"2,55"
1981,Mar,"3,24"
1981,Abr,"1,94"
1981,Abr,"2,57"
1981,Abr,"2,57"
1981,Abr,"2,38"
1981,May,"2,28"
1981,May,"2,78"
1981,May,"2,63"
1981,May,"2,78"
1981,Jun,"2,72"
1981,Jun,"2,60"
1981,Jun,"2,77"
1981,Jun,"2,77"
1981,Jul,"1,85"
1981,Jul,"1,80"
1981,Jul,"1,87"
1981,Jul,"1,87"
1981,Ago,"1,44"
1981,Ago,"1,20"
1981,Ago,"1,20"
1981,Ago,"1,27"
1981,Sep,",72"
1981,Sep,",66"
1981,Sep,",66"
1981,Sep,",88"
1981,Oct,"1,34"
1981,Oct,"1,34"
1981,Oct,",99"
1981,Oct,"1,24"
1981,Nov,"1,64"
1981,Nov,"1,42"
1981,Nov,"1,57"
1981,Nov,"1,64"
1981,Dic,"1,46"
1981,Dic,"1,33"
1981,Dic,"1,33"
1981,Dic,"1,78"
1982,Ene,"1,68"
1982,Ene,"1,90"
1982,Ene,"1,83"
1982,Ene,"1,90"
1982,Feb,"1,91"
1982,Feb,"1,91"
1982,Feb,"2,83"
1982,Feb,"2,17"
1982,Mar,"2,12"
1982,Mar,"2,74"
1982,Mar,"2,30"
1982,Mar,"2,12"
1982,Abr,"2,58"
1982,Abr,"2,81"
1982,Abr,"2,02"
1982,Abr,"2,81"
1982,May,"2,72"
1982,May,"2,72"
1982,May,"2,43"
1982,May,"2,64"
1982,Jun,"2,36"
1982,Jun,"2,23"
1982,Jun,"1,93"
1982,Jun,"2,36"
1982,Jul,"1,27"
1982,Jul,"1,27"
1982,Jul,"1,43"
1982,Jul,"1,32"
1982,Ago,"1,20"
1982,Ago,"1,19"
1982,Ago,"1,21"
1982,Ago,"1,21"
1982,Sep,"1,39"
1982,Sep,"1,59"
1982,Sep,"1,67"
1982,Sep,"1,67"
1982,Oct,"2,02"
1982,Oct,"2,02"
1982,Oct,"1,40"
1982,Oct,"1,84"
1982,Nov,"1,19"
1982,Nov,"1,34"
1982,Nov,"1,13"
1982,Nov,"1,13"
1982,Dic,",51"
1982,Dic,",51"
1982,Dic,"1,68"
1982,Dic,",84"
1983,Ene,"1,22"
1983,Ene,",98"
1983,Ene,",98"
1983,Ene,"1,05"
1983,Feb,"1,14"
1983,Feb,"1,18"
1983,Feb,"1,29"
1983,Feb,"1,14"
1983,Mar,"2,20"
1983,Mar,"2,20"
1983,Mar,"2,45"
1983,Mar,"2,27"
1983,Abr,"2,54"
1983,Abr,"3,27"
1983,Abr,"3,27"
1983,Abr,"3,06"
1983,May,"2,86"
1983,May,"2,86"
1983,May,"2,52"
1983,May,"1,69"
1983,Jun,",89"
1983,Jun,",28"
1983,Jun,",89"
1983,Jun,",72"
1983,Jul,",79"
1983,Jul,",79"
1983,Jul,",80"
1983,Jul,",79"
1983,Ago,",37"
1983,Ago,"-,08"
1983,Ago,"-,27"
1983,Ago,"-,27"
1983,Sep,",82"
1983,Sep,",70"
1983,Sep,",70"
1983,Sep,"1,13"
1983,Oct,"1,62"
1983,Oct,"1,73"
1983,Oct,"1,62"
1983,Oct,"1,65"
1983,Nov,"1,03"
1983,Nov,"1,03"
1983,Nov,"1,05"
1983,Nov,"1,10"
1983,Dic,",38"
1983,Dic,",38"
1983,Dic,",79"
1983,Dic,",49"
1984,Ene,"1,33"
1984,Ene,"1,33"
1984,Ene,"1,53"
1984,Ene,"1,39"
1984,Feb,"1,34"
1984,Feb,"1,66"
1984,Feb,"1,20"
1984,Feb,"1,20"
1984,Mar,"1,69"
1984,Mar,"1,78"
1984,Mar,"1,69"
1984,Mar,"2,01"
1984,Abr,"2,17"
1984,Abr,"1,54"
1984,Abr,"1,99"
1984,Abr,"2,17"
1984,May,"1,51"
1984,May,"1,51"
1984,May,"1,15"
1984,May,"1,40"
1984,Jun,"1,61"
1984,Jun,"1,68"
1984,Jun,"1,41"
1984,Jun,"1,68"
1984,Jul,"1,20"
1984,Jul,"1,20"
1984,Jul,"1,26"
1984,Jul,"1,22"
1984,Ago,",38"
1984,Ago,",30"
1984,Ago,",30"
1984,Ago,",57"
1984,Sep,"1,10"
1984,Sep,"1,16"
1984,Sep,"1,16"
1984,Sep,",98"
1984,Oct,",52"
1984,Oct,",52"
1984,Oct,",67"
1984,Oct,",57"
1984,Nov,"2,03"
1984,Nov,"2,03"
1984,Nov,"2,04"
1984,Nov,"2,06"
1984,Dic,"2,06"
1984,Dic,"2,16"
1984,Dic,"2,16"
1984,Dic,"2,13"
1985,Ene,"2,34"
1985,Ene,"2,34"
1985,Ene,"1,97"
1985,Ene,"2,24"
1985,Feb,"3,07"
1985,Feb,"3,07"
1985,Feb,"2,84"
1985,Feb,"3,00"
1985,Mar,"2,97"
1985,Mar,"3,11"
1985,Mar,"3,16"
1985,Mar,"3,16"
1985,Abr,"2,96"
1985,Abr,"2,81"
1985,Abr,"2,45"
1985,Abr,"2,96"
1985,May,"2,95"
1985,May,"4,52"
1985,May,"5,15"
1985,May,"5,15"
1985,Jun,"2,02"
1985,Jun,"2,02"
1985,Jun,"1,39"
1985,Jun,"1,84"
1985,Jul,"-,96"
1985,Jul,"-,96"
1985,Jul,",36"
1985,Jul,"-,58"
1985,Ago,",28"
1985,Ago,"-,67"
1985,Ago,"-,67"
1985,Ago,"-,40"
1985,Sep,",61"
1985,Sep,"1,57"
1985,Sep,",61"
1985,Sep,",89"
1985,Oct,",87"
1985,Oct,",82"
1985,Oct,",82"
1985,Oct,",97"
1985,Nov,",99"
1985,Nov,",89"
1985,Nov,"1,04"
1985,Nov,"1,04"
1985,Dic,"1,26"
1985,Dic,"1,26"
1985,Dic,"1,28"
1985,Dic,"1,26"
1986,Ene,"2,93"
1986,Ene,"3,24"
1986,Ene,"3,24"
1986,Ene,"3,15"
1986,Feb,"3,43"
1986,Feb,"3,43"
1986,Feb,"2,47"
1986,Feb,"3,15"
1986,Mar,"2,21"
1986,Mar,"2,21"
1986,Mar,"2,21"
1986,Mar,"2,22"
1986,Abr,"2,85"
1986,Abr,"2,85"
1986,Abr,"2,43"
1986,Abr,"2,73"
1986,May,"-,94"
1986,May,"-,18"
1986,May,"-,94"
1986,May,"-,72"
1986,Jun,",05"
1986,Jun,"-1,04"
1986,Jun,"-1,04"
1986,Jun,"-,73"
1986,Jul,"-,26"
1986,Jul,"-,26"
1986,Jul,",58"
1986,Jul,"-,01"
1986,Ago,"1,42"
1986,Ago,"1,42"
1986,Ago,"1,34"
1986,Ago,"1,40"
1986,Sep,"1,55"
1986,Sep,"1,43"
1986,Sep,"1,38"
1986,Sep,"1,38"
1986,Oct,"2,01"
1986,Oct,"2,17"
1986,Oct,"2,06"
1986,Oct,"2,01"
1986,Nov,"2,17"
1986,Nov,"2,37"
1986,Nov,"2,37"
1986,Nov,"1,68"
1986,Dic,"2,45"
1986,Dic,"2,51"
1986,Dic,"2,43"
1986,Dic,"2,43"
1987,Ene,"3,44"
1987,Ene,"3,44"
1987,Ene,"2,86"
1987,Ene,"3,27"
1987,Feb,"2,19"
1987,Feb,"1,97"
1987,Feb,"1,97"
1987,Feb,"2,03"
1987,Mar,"2,71"
1987,Mar,"2,70"
1987,Mar,"2,71"
1987,Mar,"2,71"
1987,Abr,"2,43"
1987,Abr,"2,43"
1987,Abr,"2,25"
1987,Abr,"1,82"
1987,May,"1,82"
1987,May,"1,39"
1987,May,"1,70"
1987,May,"1,82"
1987,Jun,",95"
1987,Jun,",96"
1987,Jun,",96"
1987,Jun,",96"
1987,Jul,"1,38"
1987,Jul,"1,46"
1987,Jul,"1,49"
1987,Jul,"1,49"
1987,Ago,",18"
1987,Ago,",18"
1987,Ago,",57"
1987,Ago,",29"
1987,Sep,"1,22"
1987,Sep,"1,22"
1987,Sep,"1,22"
1987,Sep,"1,22"
1987,Oct,"1,88"
1987,Oct,"2,00"
1987,Oct,"2,00"
1987,Oct,"1,59"
1987,Nov,"2,11"
1987,Nov,"1,98"
1987,Nov,"2,16"
1987,Nov,"2,16"
1987,Dic,"1,84"
1987,Dic,"1,84"
1987,Dic,"1,95"
1987,Dic,"1,87"
1988,Ene,"3,00"
1988,Ene,"3,01"
1988,Ene,"3,00"
1988,Ene,"3,00"
1988,Feb,"4,03"
1988,Feb,"4,07"
1988,Feb,"4,02"
1988,Feb,"4,02"
1988,Mar,"2,84"
1988,Mar,"3,02"
1988,Mar,"2,84"
1988,Mar,"2,89"
1988,Abr,"3,01"
1988,Abr,"3,91"
1988,Abr,"4,28"
1988,Abr,"4,28"
1988,May,"1,93"
1988,May,"1,73"
1988,May,"1,22"
1988,May,"1,93"
1988,Jun,"1,64"
1988,Jun,"2,40"
1988,Jun,"2,70"
1988,Jun,"2,70"
1988,Jul,"1,45"
1988,Jul,"1,31"
1988,Jul,"1,80"
1988,Jul,"1,31"
1988,Ago,",71"
1988,Ago,"-,53"
1988,Ago,"-,53"
1988,Ago,"-,18"
1988,Sep,",59"
1988,Sep,",71"
1988,Sep,",59"
1988,Sep,",99"
1988,Oct,"1,51"
1988,Oct,"1,51"
1988,Oct,"1,56"
1988,Oct,"1,69"
1988,Nov,"1,39"
1988,Nov,"1,39"
1988,Nov,"1,38"
1988,Nov,"1,39"
1988,Dic,"2,25"
1988,Dic,"2,25"
1988,Dic,"2,18"
1988,Dic,"2,23"
1989,Ene,"2,97"
1989,Ene,"2,97"
1989,Ene,"2,75"
1989,Ene,"2,83"
1989,Feb,"3,30"
1989,Feb,"3,30"
1989,Feb,"3,32"
1989,Feb,"3,31"
1989,Mar,"2,64"
1989,Mar,"2,41"
1989,Mar,"2,64"
1989,Mar,"2,48"
1989,Abr,"2,67"
1989,Abr,"2,67"
1989,Abr,"2,47"
1989,Abr,"2,53"
1989,May,"1,75"
1989,May,"1,82"
1989,May,"1,82"
1989,May,"1,69"
1989,Jun,"1,37"
1989,Jun,"1,44"
1989,Jun,"1,26"
1989,Jun,"1,26"
1989,Jul,"1,47"
1989,Jul,"1,54"
1989,Jul,"1,60"
1989,Jul,"1,47"
1989,Ago,"1,51"
1989,Ago,"1,12"
1989,Ago,"1,12"
1989,Ago,"1,38"
1989,Sep,"1,41"
1989,Sep,"1,33"
1989,Sep,"1,33"
1989,Sep,"1,39"
1989,Oct,"1,53"
1989,Oct,"1,53"
1989,Oct,"1,64"
1989,Oct,"1,60"
1989,Nov,"1,70"
1989,Nov,"1,92"
1989,Nov,"1,92"
1989,Nov,"1,78"
1989,Dic,"1,39"
1989,Dic,"1,39"
1989,Dic,"1,45"
1989,Dic,"1,44"
1990,Ene,"3,67"
1990,Ene,"3,67"
1990,Ene,"3,10"
1990,Ene,"3,30"
1990,Feb,"3,64"
1990,Feb,"3,64"
1990,Feb,"3,71"
1990,Feb,"3,66"
1990,Mar,"2,81"
1990,Mar,"3,05"
1990,Mar,"3,05"
1990,Mar,"2,89"
1990,Abr,"3,03"
1990,Abr,"3,03"
1990,Abr,"2,68"
1990,Abr,"2,81"
1990,May,"1,95"
1990,May,"1,94"
1990,May,"1,94"
1990,May,"1,95"
1990,Jun,"1,95"
1990,Jun,"2,00"
1990,Jun,"1,86"
1990,Jun,"1,86"
1990,Jul,"1,37"
1990,Jul,"1,30"
1990,Jul,"1,30"
1990,Jul,"1,35"
1990,Ago,"1,71"
1990,Ago,"1,36"
1990,Ago,"1,36"
1990,Ago,"1,58"
1990,Sep,"2,37"
1990,Sep,"2,42"
1990,Sep,"2,31"
1990,Sep,"2,31"
1990,Oct,"1,92"
1990,Oct,"2,25"
1990,Oct,"1,74"
1990,Oct,"2,25"
1990,Nov,"2,03"
1990,Nov,"2,26"
1990,Nov,"2,26"
1990,Nov,"1,91"
1990,Dic,"2,52"
1990,Dic,"2,41"
1990,Dic,"2,57"
1990,Dic,"2,41"
1991,Ene,"3,00"
1991,Ene,"2,93"
1991,Ene,"3,07"
1991,Ene,"3,07"
1991,Feb,"3,41"
1991,Feb,"3,61"
1991,Feb,"3,06"
1991,Feb,"3,06"
1991,Mar,"2,51"
1991,Mar,"2,51"
1991,Mar,"2,52"
1991,Mar,"2,53"
1991,Abr,"2,80"
1991,Abr,"2,80"
1991,Abr,"2,76"
1991,Abr,"2,76"
1991,May,"2,20"
1991,May,"2,17"
1991,May,"2,17"
1991,May,"2,21"
1991,Jun,"1,60"
1991,Jun,"1,60"
1991,Jun,"1,56"
1991,Jun,"1,58"
1991,Jul,"1,81"
1991,Jul,"2,04"
1991,Jul,"2,04"
1991,Jul,"1,71"
1991,Ago,"1,27"
1991,Ago,"1,29"
1991,Ago,"1,25"
1991,Ago,"1,25"
1991,Sep,"1,39"
1991,Sep,"1,39"
1991,Sep,"1,48"
1991,Sep,"1,45"
1991,Oct,"1,32"
1991,Oct,"1,30"
1991,Oct,"1,36"
1991,Oct,"1,36"
1991,Nov,"1,22"
1991,Nov,"1,20"
1991,Nov,"1,25"
1991,Nov,"1,25"
1991,Dic,"1,40"
1991,Dic,"1,24"
1991,Dic,"1,24"
1991,Dic,"1,48"
1992,Ene,"3,49"
1992,Ene,"3,34"
1992,Ene,"3,74"
1992,Ene,"3,74"
1992,Feb,"3,34"
1992,Feb,"3,34"
1992,Feb,"3,38"
1992,Feb,"3,38"
1992,Mar,"2,25"
1992,Mar,"2,31"
1992,Mar,"2,41"
1992,Mar,"2,41"
1992,Abr,"3,28"
1992,Abr,"2,61"
1992,Abr,"2,85"
1992,Abr,"3,28"
1992,May,"2,61"
1992,May,"2,61"
1992,May,"2,15"
1992,May,"2,32"
1992,Jun,"2,24"
1992,Jun,"2,57"
1992,Jun,"2,57"
1992,Jun,"2,05"
1992,Jul,"1,99"
1992,Jul,"1,88"
1992,Jul,"2,20"
1992,Jul,"2,20"
1992,Ago,",75"
1992,Ago,",88"
1992,Ago,",51"
1992,Ago,",51"
1992,Sep,",51"
1992,Sep,",51"
1992,Sep,"1,00"
1992,Sep,",83"
1992,Oct,",85"
1992,Oct,",73"
1992,Oct,",73"
1992,Oct,",90"
1992,Nov,",72"
1992,Nov,",77"
1992,Nov,",64"
1992,Nov,",64"
1992,Dic,",84"
1992,Dic,",84"
1992,Dic,"1,00"
1992,Dic,",94"
1993,Ene,"3,22"
1993,Ene,"3,24"
1993,Ene,"3,24"
1993,Ene,"3,24"
1993,Feb,"3,25"
1993,Feb,"3,42"
1993,Feb,"2,96"
1993,Feb,"2,96"
1993,Mar,"1,88"
1993,Mar,"1,87"
1993,Mar,"1,84"
1993,Mar,"1,84"
1993,Abr,"1,93"
1993,Abr,"1,94"
1993,Abr,"1,93"
1993,Abr,"1,93"
1993,May,"1,60"
1993,May,"1,64"
1993,May,"1,53"
1993,May,"1,53"
1993,Jun,"1,54"
1993,Jun,"1,52"
1993,Jun,"1,52"
1993,Jun,"1,54"
1993,Jul,"1,31"
1993,Jul,"1,23"
1993,Jul,"1,10"
1993,Jul,"1,10"
1993,Ago,"1,13"
1993,Ago,"1,13"
1993,Ago,"1,30"
1993,Ago,"1,25"
1993,Sep,"1,19"
1993,Sep,"1,02"
1993,Sep,"1,02"
1993,Sep,"1,12"
1993,Oct,"1,06"
1993,Oct,"1,11"
1993,Oct,",98"
1993,Oct,",98"
1993,Nov,"1,20"
1993,Nov,"1,34"
1993,Nov,"1,29"
1993,Nov,"1,20"
1993,Dic,"1,13"
1993,Dic,"1,14"
1993,Dic,"1,14"
1993,Dic,"1,14"
1994,Ene,"3,51"
1994,Ene,"3,15"
1994,Ene,"3,51"
1994,Ene,"2,96"
1994,Feb,"3,62"
1994,Feb,"3,68"
1994,Feb,"3,76"
1994,Feb,"3,76"
1994,Mar,"2,28"
1994,Mar,"2,14"
1994,Mar,"2,21"
1994,Mar,"2,28"
1994,Abr,"2,70"
1994,Abr,"2,18"
1994,Abr,"2,37"
1994,Abr,"2,70"
1994,May,"1,54"
1994,May,"1,58"
1994,May,"1,53"
1994,May,"1,58"
1994,Jun,",93"
1994,Jun,",87"
1994,Jun,",93"
1994,Jun,",90"
1994,Jul,",73"
1994,Jul,"1,01"
1994,Jul,",91"
1994,Jul,",73"
1994,Ago,",97"
1994,Ago,"1,00"
1994,Ago,",85"
1994,Ago,",85"
1994,Sep,"1,09"
1994,Sep,"1,09"
1994,Sep,"1,12"
1994,Sep,"1,09"
1994,Oct,"1,11"
1994,Oct,"1,14"
1994,Oct,"1,14"
1994,Oct,"1,09"
1994,Nov,"1,16"
1994,Nov,"1,16"
1994,Nov,"1,08"
1994,Nov,"1,11"
1994,Dic,"1,49"
1994,Dic,"1,49"
1994,Dic,"1,49"
1994,Dic,"1,49"
1995,Ene,"1,85"
1995,Ene,"1,82"
1995,Ene,"1,82"
1995,Ene,"1,84"
1995,Feb,"3,41"
1995,Feb,"3,41"
1995,Feb,"3,65"
1995,Feb,"3,52"
1995,Mar,"2,68"
1995,Mar,"2,68"
1995,Mar,"2,61"
1995,Mar,"2,57"
1995,Abr,"2,43"
1995,Abr,"2,43"
1995,Abr,"2,13"
1995,Abr,"2,23"
1995,May,"1,70"
1995,May,"1,63"
1995,May,"1,70"
1995,May,"1,65"
1995,Jun,"1,22"
1995,Jun,"1,16"
1995,Jun,"1,16"
1995,Jun,"1,20"
1995,Jul,",76"
1995,Jul,",76"
1995,Jul,",78"
1995,Jul,",77"
1995,Ago,",57"
1995,Ago,",57"
1995,Ago,",66"
1995,Ago,",63"
1995,Sep,",86"
1995,Sep,",84"
1995,Sep,",81"
1995,Sep,",81"
1995,Oct,",75"
1995,Oct,",96"
1995,Oct,",88"
1995,Oct,",75"
1995,Nov,",79"
1995,Nov,",79"
1995,Nov,",79"
1995,Nov,",79"
1995,Dic,",92"
1995,Dic,",86"
1995,Dic,"1,03"
1995,Dic,"1,03"
1996,Ene,"2,78"
1996,Ene,"2,51"
1996,Ene,"2,78"
1996,Ene,"2,37"
1996,Feb,"3,92"
1996,Feb,"3,92"
1996,Feb,"4,02"
1996,Feb,"4,01"
1996,Mar,"1,65"
1996,Mar,"1,65"
1996,Mar,"2,10"
1996,Mar,"2,41"
1996,Abr,"1,97"
1996,Abr,"2,05"
1996,Abr,"1,82"
1996,Abr,"1,82"
1996,May,"1,35"
1996,May,"1,35"
1996,May,"1,65"
1996,May,"1,55"
1996,Jun,"1,14"
1996,Jun,"1,19"
1996,Jun,"1,05"
1996,Jun,"1,05"
1996,Jul,"1,51"
1996,Jul,"1,24"
1996,Jul,"1,24"
1996,Jul,"1,66"
1996,Ago,"1,10"
1996,Ago,"1,26"
1996,Ago,"1,26"
1996,Ago,"1,03"
1996,Sep,"1,22"
1996,Sep,"1,22"
1996,Sep,"1,19"
1996,Sep,"1,16"
1996,Oct,"1,15"
1996,Oct,"1,03"
1996,Oct,"1,40"
1996,Oct,"1,40"
1996,Nov,",80"
1996,Nov,",99"
1996,Nov,",99"
1996,Nov,",68"
1996,Dic,",75"
1996,Dic,",75"
1996,Dic,",70"
1996,Dic,",72"
1997,Ene,"1,50"
1997,Ene,"1,90"
1997,Ene,"1,90"
1997,Ene,"1,65"
1997,Feb,"2,68"
1997,Feb,"3,39"
1997,Feb,"3,11"
1997,Feb,"2,68"
1997,Mar,"1,29"
1997,Mar,"1,75"
1997,Mar,"1,55"
1997,Mar,"1,29"
1997,Abr,"1,62"
1997,Abr,"1,61"
1997,Abr,"1,62"
1997,Abr,"1,62"
1997,May,"1,52"
1997,May,"1,62"
1997,May,"1,79"
1997,May,"1,79"
1997,Jun,"1,39"
1997,Jun,"1,08"
1997,Jun,"1,20"
1997,Jun,"1,39"
1997,Jul,",83"
1997,Jul,"1,13"
1997,Jul,"1,13"
1997,Jul,",66"
1997,Ago,"1,14"
1997,Ago,"1,10"
1997,Ago,"1,22"
1997,Ago,"1,22"
1997,Sep,"1,17"
1997,Sep,"1,26"
1997,Sep,"1,42"
1997,Sep,"1,42"
1997,Oct,",87"
1997,Oct,"1,13"
1997,Oct,"1,13"
1997,Oct,",96"
1997,Nov,",90"
1997,Nov,",90"
1997,Nov,",75"
1997,Nov,",81"
1997,Dic,",51"
1997,Dic,",61"
1997,Dic,",51"
1997,Dic,",65"
1998,Ene,"1,93"
1998,Ene,"1,93"
1998,Ene,"1,79"
1998,Ene,"1,74"
1998,Feb,"3,09"
1998,Feb,"3,09"
1998,Feb,"3,45"
1998,Feb,"3,28"
1998,Mar,"3,02"
1998,Mar,"2,35"
1998,Mar,"2,60"
1998,Mar,"3,02"
1998,Abr,"2,90"
1998,Abr,"2,44"
1998,Abr,"3,72"
1998,Abr,"3,72"
1998,May,"1,80"
1998,May,"1,80"
1998,May,"1,56"
1998,May,"1,41"
1998,Jun,"1,22"
1998,Jun,"1,06"
1998,Jun,"1,47"
1998,Jun,"1,47"
1998,Jul,",27"
1998,Jul,",47"
1998,Jul,",57"
1998,Jul,",27"
1998,Ago,"-,17"
1998,Ago,"-,17"
1998,Ago,",15"
1998,Ago,",03"
1998,Sep,",04"
1998,Sep,",41"
1998,Sep,",29"
1998,Sep,",04"
1998,Oct,",35"
1998,Oct,",26"
1998,Oct,",44"
1998,Oct,",44"
1998,Nov,",19"
1998,Nov,",19"
1998,Nov,",17"
1998,Nov,",17"
1998,Dic,",65"
1998,Dic,",65"
1998,Dic,"1,05"
1998,Dic,
1998,Dic,",91"
1999,Ene,"2,64"
1999,Ene,"2,64"
1999,Ene,"2,23"
1999,Ene,"1,66"
1999,Ene,"2,21"
1999,Feb,"1,81"
1999,Feb,"1,81"
1999,Feb,"1,80"
1999,Feb,"1,33"
1999,Feb,"1,70"
1999,Mar,",94"
1999,Mar,"1,01"
1999,Mar,"1,01"
1999,Mar,",92"
1999,Mar,"1,03"
1999,Abr,",78"
1999,Abr,",76"
1999,Abr,",81"
1999,Abr,",67"
1999,Abr,",67"
1999,May,",46"
1999,May,",42"
1999,May,",55"
1999,May,",48"
1999,May,",42"
1999,Jun,",40"
1999,Jun,",28"
1999,Jun,",25"
1999,Jun,",28"
1999,Jun,",28"
1999,Jul,",25"
1999,Jul,",22"
1999,Jul,",31"
1999,Jul,",59"
1999,Jul,",25"
1999,Ago,",50"
1999,Ago,",44"
1999,Ago,",48"
1999,Ago,",54"
1999,Ago,",54"
1999,Sep,",23"
1999,Sep,",23"
1999,Sep,",29"
1999,Sep,",49"
1999,Sep,",33"
1999,Oct,",35"
1999,Oct,",50"
1999,Oct,",32"
1999,Oct,",26"
1999,Oct,",26"
1999,Nov,",63"
1999,Nov,",63"
1999,Nov,",42"
1999,Nov,",48"
1999,Nov,",45"
1999,Dic,",67"
1999,Dic,",52"
1999,Dic,",36"
1999,Dic,",53"
1999,Dic,",67"
2000,Ene,"1,38"
2000,Ene,"1,38"
2000,Ene,"1,21"
2000,Ene,"1,38"
2000,Ene,"1,29"
2000,Feb,"2,52"
2000,Feb,"2,52"
2000,Feb,"2,27"
2000,Feb,"2,18"
2000,Feb,"2,30"
2000,Mar,"1,72"
2000,Mar,"1,72"
2000,Mar,"1,70"
2000,Mar,"1,71"
2000,Mar,"1,75"
2000,Abr,"1,43"
2000,Abr,"1,43"
2000,Abr,",90"
2000,Abr,",77"
2000,Abr,"1,00"
2000,May,",35"
2000,May,",35"
2000,May,",63"
2000,May,",56"
2000,May,",52"
2000,Jun,"-,10"
2000,Jun,",05"
2000,Jun,"-,09"
2000,Jun,"-,09"
2000,Jun,"-,02"
2000,Jul,",39"
2000,Jul,"-,06"
2000,Jul,"-,37"
2000,Jul,"-,37"
2000,Jul,"-,04"
2000,Ago,",27"
2000,Ago,",27"
2000,Ago,",30"
2000,Ago,",39"
2000,Ago,",32"
2000,Sep,",56"
2000,Sep,",45"
2000,Sep,",26"
2000,Sep,",26"
2000,Sep,",43"
2000,Oct,"-,05"
2000,Oct,",26"
2000,Oct,",10"
2000,Oct,",10"
2000,Oct,",15"
2000,Nov,",33"
2000,Nov,",37"
2000,Nov,",31"
2000,Nov,",33"
2000,Nov,",33"
2000,Dic,",54"
2000,Dic,",46"
2000,Dic,",40"
2000,Dic,",40"
2000,Dic,",46"
2001,Ene,"1,05"
2001,Ene,",97"
2001,Ene,",97"
2001,Ene,"1,39"
2001,Ene,"1,39"
2001,Feb,"1,89"
2001,Feb,"1,59"
2001,Feb,"1,86"
2001,Feb,"2,28"
2001,Feb,"2,28"
2001,Mar,"1,81"
2001,Mar,"1,48"
2001,Mar,"1,81"
2001,Mar,"1,48"
2001,Mar,"1,11"
2001,Abr,"1,15"
2001,Abr,"1,03"
2001,Abr,"1,16"
2001,Abr,"1,22"
2001,Abr,"1,22"
2001,May,",47"
2001,May,",47"
2001,May,",46"
2001,May,",26"
2001,May,",42"
2001,Jun,"-,04"
2001,Jun,",08"
2001,Jun,",04"
2001,Jun,",04"
2001,Jun,"-,04"
2001,Jul,",11"
2001,Jul,",11"
2001,Jul,",20"
2001,Jul,",03"
2001,Jul,",03"
2001,Ago,",13"
2001,Ago,",26"
2001,Ago,",28"
2001,Ago,",35"
2001,Ago,",35"
2001,Sep,",31"
2001,Sep,",37"
2001,Sep,",37"
2001,Sep,",40"
2001,Sep,",37"
2001,Oct,",19"
2001,Oct,",08"
2001,Oct,",08"
2001,Oct,",20"
2001,Oct,",28"
2001,Nov,",16"
2001,Nov,",16"
2001,Nov,",07"
2001,Nov,",18"
2001,Nov,",12"
2001,Dic,",34"
2001,Dic,",34"
2001,Dic,",54"
2001,Dic,",09"
2001,Dic,",54"
2002,Ene,",94"
2002,Ene,",94"
2002,Ene,",81"
2002,Ene,",60"
2002,Ene,",80"
2002,Feb,"1,26"
2002,Feb,"1,00"
2002,Feb,"1,29"
2002,Feb,"1,41"
2002,Feb,"1,41"
2002,Mar,",79"
2002,Mar,",69"
2002,Mar,",68"
2002,Mar,",68"
2002,Mar,",71"
2002,Abr,",92"
2002,Abr,",88"
2002,Abr,",93"
2002,Abr,",91"
2002,Abr,",91"
2002,May,",25"
2002,May,",63"
2002,May,",83"
2002,May,",83"
2002,May,",60"
2002,Jun,",43"
2002,Jun,",37"
2002,Jun,",36"
2002,Jun,",63"
2002,Jun,",63"
2002,Jul,",13"
2002,Jul,",03"
2002,Jul,"-,09"
2002,Jul,"-,09"
2002,Jul,",02"
2002,Ago,",09"
2002,Ago,",11"
2002,Ago,",11"
2002,Ago,",04"
2002,Ago,",04"
2002,Sep,",14"
2002,Sep,",39"
2002,Sep,",49"
2002,Sep,",49"
2002,Sep,",36"
2002,Oct,",56"
2002,Oct,",40"
2002,Oct,",53"
2002,Oct,",75"
2002,Oct,",75"
2002,Nov,"1,06"
2002,Nov,"1,06"
2002,Nov,",70"
2002,Nov,",66"
2002,Nov,",78"
2002,Dic,",28"
2002,Dic,",27"
2002,Dic,",25"
2002,Dic,",25"
2002,Dic,",27"
2003,Ene,"1,01"
2003,Ene,"1,01"
2003,Ene,"1,19"
2003,Ene,"1,33"
2003,Ene,"1,17"
2003,Feb,"1,39"
2003,Feb,"1,12"
2003,Feb,"1,11"
2003,Feb,",85"
2003,Feb,",85"
2003,Mar,"1,10"
2003,Mar,"1,10"
2003,Mar,",99"
2003,Mar,"1,12"
2003,Mar,"1,05"
2003,Abr,"1,15"
2003,Abr,",82"
2003,Abr,"1,09"
2003,Abr,"1,56"
2003,Abr,"1,56"
2003,May,",40"
2003,May,",49"
2003,May,",61"
2003,May,",61"
2003,May,",47"
2003,Jun,"-,33"
2003,Jun,"-,33"
2003,Jun,",30"
2003,Jun,"-,05"
2003,Jun,"-,07"
2003,Jul,"-,13"
2003,Jul,"-,14"
2003,Jul,",02"
2003,Jul,"-,32"
2003,Jul,"-,32"
2003,Ago,",16"
2003,Ago,",16"
2003,Ago,",35"
2003,Ago,",31"
2003,Ago,",38"
2003,Sep,",39"
2003,Sep,",24"
2003,Sep,",22"
2003,Sep,",03"
2003,Sep,",03"
2003,Oct,",09"
2003,Oct,",08"
2003,Oct,"-,03"
2003,Oct,",06"
2003,Oct,"-,03"
2003,Nov,",47"
2003,Nov,",36"
2003,Nov,",35"
2003,Nov,",17"
2003,Nov,",47"
2003,Dic,",61"
2003,Dic,",40"
2003,Dic,",77"
2003,Dic,",77"
2003,Dic,",62"
2004,Ene,",93"
2004,Ene,",78"
2004,Ene,",89"
2004,Ene,",88"
2004,Ene,",88"
2004,Feb,"1,20"
2004,Feb,"1,04"
2004,Feb,"1,23"
2004,Feb,"1,27"
2004,Feb,"1,27"
2004,Mar,"1,03"
2004,Mar,"1,03"
2004,Mar,",97"
2004,Mar,",96"
2004,Mar,",98"
2004,Abr,",54"
2004,Abr,",54"
2004,Abr,",48"
2004,Abr,",30"
2004,Abr,",46"
2004,May,",62"
2004,May,",35"
2004,May,",18"
2004,May,",38"
2004,May,",62"
2004,Jun,",69"
2004,Jun,",54"
2004,Jun,",66"
2004,Jun,",60"
2004,Jun,",69"
2004,Jul,"-,03"
2004,Jul,",23"
2004,Jul,",00"
2004,Jul,"-,31"
2004,Jul,"-,31"
2004,Ago,",03"
2004,Ago,",13"
2004,Ago,",07"
2004,Ago,"-,14"
2004,Ago,"-,14"
2004,Sep,",36"
2004,Sep,",30"
2004,Sep,",30"
2004,Sep,",23"
2004,Sep,",23"
2004,Oct,",01"
2004,Oct,"-,02"
2004,Oct,"-,02"
2004,Oct,"-,01"
2004,Oct,",01"
2004,Nov,",27"
2004,Nov,",30"
2004,Nov,",24"
2004,Nov,",27"
2004,Nov,",28"
2004,Dic,",23"
2004,Dic,",23"
2004,Dic,",36"
2004,Dic,",23"
2004,Dic,",30"
2005,Ene,",82"
2005,Ene,",83"
2005,Ene,",54"
2005,Ene,"1,05"
2005,Ene,"1,05"
2005,Feb,"1,16"
2005,Feb,"1,02"
2005,Feb,"1,11"
2005,Feb,"1,11"
2005,Feb,",93"
2005,Mar,",64"
2005,Mar,",77"
2005,Mar,",74"
2005,Mar,",96"
2005,Mar,",96"
2005,Abr,",46"
2005,Abr,",44"
2005,Abr,",34"
2005,Abr,",46"
2005,Abr,",47"
2005,May,",59"
2005,May,",59"
2005,May,",17"
2005,May,",41"
2005,May,",42"
2005,Jun,",40"
2005,Jun,",15"
2005,Jun,",42"
2005,Jun,",58"
2005,Jun,",58"
2005,Jul,"-,04"
2005,Jul,",04"
2005,Jul,",18"
2005,Jul,",05"
2005,Jul,"-,04"
2005,Ago,",00"
2005,Ago,",15"
2005,Ago,"-,16"
2005,Ago,",02"
2005,Ago,"-,16"
2005,Sep,",36"
2005,Sep,",43"
2005,Sep,",46"
2005,Sep,",42"
2005,Sep,",42"
2005,Oct,",28"
2005,Oct,",28"
2005,Oct,",22"
2005,Oct,",19"
2005,Oct,",23"
2005,Nov,"-,09"
2005,Nov,",15"
2005,Nov,",11"
2005,Nov,",26"
2005,Nov,"-,09"
2005,Dic,",08"
2005,Dic,",12"
2005,Dic,",07"
2005,Dic,"-,06"
2005,Dic,"-,06"
2006,Ene,",54"
2006,Ene,",63"
2006,Ene,",54"
2006,Ene,",45"
2006,Ene,",63"
2006,Feb,",64"
2006,Feb,",31"
2006,Feb,",31"
2006,Feb,",82"
2006,Feb,",66"
2006,Mar,",70"
2006,Mar,",48"
2006,Mar,",97"
2006,Mar,",97"
2006,Mar,",67"
2006,Abr,",46"
2006,Abr,",54"
2006,Abr,",45"
2006,Abr,",31"
2006,Abr,",54"
2006,May,",30"
2006,May,",37"
2006,May,",33"
2006,May,",25"
2006,May,",30"
2006,Jun,",30"
2006,Jun,",41"
2006,Jun,",34"
2006,Jun,",13"
2006,Jun,",13"
2006,Jul,",40"
2006,Jul,",38"
2006,Jul,",41"
2006,Jul,",49"
2006,Jul,",38"
2006,Ago,",37"
2006,Ago,",39"
2006,Ago,",39"
2006,Ago,",42"
2006,Ago,",37"
2006,Sep,",34"
2006,Sep,",34"
2006,Sep,",29"
2006,Sep,",29"
2006,Sep,",22"
2006,Oct,"-,14"
2006,Oct,"-,15"
2006,Oct,"-,15"
2006,Oct,"-,13"
2006,Oct,"-,13"
2006,Nov,",41"
2006,Nov,",11"
2006,Nov,",11"
2006,Nov,",23"
2006,Nov,",24"
2006,Dic,",23"
2006,Dic,",36"
2006,Dic,",15"
2006,Dic,",15"
2006,Dic,",21"
2007,Ene,",78"
2007,Ene,",80"
2007,Ene,",68"
2007,Ene,",68"
2007,Ene,",77"
2007,Feb,"1,17"
2007,Feb,"1,27"
2007,Feb,",91"
2007,Feb,"1,17"
2007,Feb,"1,17"
2007,Mar,",84"
2007,Mar,"1,21"
2007,Mar,"1,16"
2007,Mar,"1,67"
2007,Mar,"1,67"
2007,Abr,",90"
2007,Abr,",68"
2007,Abr,",88"
2007,Abr,"1,13"
2007,Abr,"1,13"
2007,May,",15"
2007,May,",30"
2007,May,",31"
2007,May,",40"
2007,May,",40"
2007,Jun,",12"
2007,Jun,",09"
2007,Jun,",17"
2007,Jun,",05"
2007,Jun,",05"
2007,Jul,",15"
2007,Jul,",17"
2007,Jul,",23"
2007,Jul,",03"
2007,Jul,",03"
2007,Ago,",17"
2007,Ago,"-,14"
2007,Ago,"-,37"
2007,Ago,"-,37"
2007,Ago,"-,13"
2007,Sep,",08"
2007,Sep,",08"
2007,Sep,",08"
2007,Sep,",11"
2007,Sep,",11"
2007,Oct,"-,16"
2007,Oct,"-,16"
2007,Oct,",04"
2007,Oct,",11"
2007,Oct,",01"
2007,Nov,",61"
2007,Nov,",61"
2007,Nov,",44"
2007,Nov,",47"
2007,Nov,",42"
2007,Dic,",57"
2007,Dic,",57"
2007,Dic,",41"
2007,Dic,",49"
2007,Dic,",49"
2008,Ene,"1,06"
2008,Ene,"1,26"
2008,Ene,",85"
2008,Ene,"1,04"
2008,Ene,"1,26"
2008,Feb,"1,51"
2008,Feb,"1,54"
2008,Feb,"1,85"
2008,Feb,"1,85"
2008,Feb,"1,03"
2008,Mar,",93"
2008,Mar,",84"
2008,Mar,",58"
2008,Mar,",81"
2008,Mar,",93"
2008,Abr,",71"
2008,Abr,",64"
2008,Abr,",69"
2008,Abr,",82"
2008,Abr,",82"
2008,May,",93"
2008,May,",35"
2008,May,",87"
2008,May,"1,55"
2008,May,"1,55"
2008,Jun,",86"
2008,Jun,",40"
2008,Jun,",82"
2008,Jun,"1,34"
2008,Jun,"1,34"
2008,Jul,",48"
2008,Jul,",25"
2008,Jul,",55"
2008,Jul,",52"
2008,Jul,",52"
2008,Ago,",29"
2008,Ago,",36"
2008,Ago,"-,17"
2008,Ago,",19"
2008,Ago,"-,17"
2008,Sep,"-,19"
2008,Sep,",08"
2008,Sep,"-,12"
2008,Sep,"-,57"
2008,Sep,"-,57"
2008,Oct,",35"
2008,Oct,",34"
2008,Oct,",29"
2008,Oct,",29"
2008,Oct,",43"
2008,Nov,",28"
2008,Nov,",15"
2008,Nov,",31"
2008,Nov,",31"
2008,Nov,",31"
2008,Dic,",44"
2008,Dic,",42"
2008,Dic,",40"
2008,Dic,",55"
2008,Dic,",55"
2009,Ene,",60"
2009,Ene,",66"
2009,Ene,",41"
2009,Ene,",59"
2009,Ene,",66"
2009,Feb,",79"
2009,Feb,",84"
2009,Feb,",86"
2009,Feb,",82"
2009,Feb,",82"
2009,Mar,",54"
2009,Mar,",48"
2009,Mar,",50"
2009,Mar,",47"
2009,Mar,",54"
2009,Abr,",29"
2009,Abr,",32"
2009,Abr,",29"
2009,Abr,",40"
2009,Abr,",40"
2009,May,",01"
2009,May,",07"
2009,May,",07"
2009,May,",02"
2009,May,"-,14"
2009,Jun,"-,20"
2009,Jun,"-,06"
2009,Jun,",01"
2009,Jun,",01"
2009,Jun,"-,20"
2009,Jul,"-,15"
2009,Jul,"-,04"
2009,Jul,",15"
2009,Jul,"-,02"
2009,Jul,"-,15"
2009,Ago,",00"
2009,Ago,",04"
2009,Ago,",08"
2009,Ago,",01"
2009,Ago,",01"
2009,Sep,"-,11"
2009,Sep,"-,10"
2009,Sep,"-,09"
2009,Sep,"-,16"
2009,Sep,"-,16"
2009,Oct,"-,13"
2009,Oct,"-,13"
2009,Oct,"-,07"
2009,Oct,"-,07"
2009,Oct,"-,22"
2009,Nov,"-,10"
2009,Nov,"-,10"
2009,Nov,"-,07"
2009,Nov,"-,05"
2009,Nov,"-,05"
2009,Dic,",09"
2009,Dic,",09"
2009,Dic,",07"
2009,Dic,",12"
2009,Dic,",08"
2010,Ene,",69"
2010,Ene,",86"
2010,Ene,",67"
2010,Ene,",86"
2010,Ene,",37"
2010,Feb,",83"
2010,Feb,",87"
2010,Feb,",84"
2010,Feb,",79"
2010,Feb,",79"
2010,Mar,",25"
2010,Mar,",11"
2010,Mar,",23"
2010,Mar,",35"
2010,Mar,",35"
2010,Abr,",45"
2010,Abr,",17"
2010,Abr,",46"
2010,Abr,",61"
2010,Abr,",61"
2010,May,",09"
2010,May,",13"
2010,May,",09"
2010,May,",10"
2010,May,",02"
2010,Jun,",05"
2010,Jun,",11"
2010,Jun,",05"
2010,Jun,",17"
2010,Jun,",05"
2010,Jul,"-,04"
2010,Jul,"-,04"
2010,Jul,",06"
2010,Jul,"-,09"
2010,Jul,"-,09"
2010,Ago,",09"
2010,Ago,",11"
2010,Ago,",11"
2010,Ago,",13"
2010,Ago,",13"
2010,Sep,"-,18"
2010,Sep,"-,13"
2010,Sep,"-,14"
2010,Sep,"-,11"
2010,Sep,"-,18"
2010,Oct,"-,09"
2010,Oct,"-,09"
2010,Oct,"-,09"
2010,Oct,"-,07"
2010,Oct,"-,14"
2010,Nov,",26"
2010,Nov,",26"
2010,Nov,",18"
2010,Nov,",09"
2010,Nov,",19"
2010,Dic,",65"
2010,Dic,",62"
2010,Dic,",76"
2010,Dic,",50"
2010,Dic,",76"
2011,Ene,"1,07"
2011,Ene,"1,07"
2011,Ene,",89"
2011,Ene,",61"
2011,Ene,",91"
2011,Feb,",59"
2011,Feb,",59"
2011,Feb,",59"
2011,Feb,",69"
2011,Feb,",60"
2011,Mar,",24"
2011,Mar,",24"
2011,Mar,",29"
2011,Mar,",27"
2011,Mar,",26"
2011,Abr,",12"
2011,Abr,",12"
2011,Abr,",12"
2011,Abr,",11"
2011,Abr,",12"
2011,May,",40"
2011,May,",40"
2011,May,",12"
2011,May,",26"
2011,May,",28"
2011,Jun,",29"
2011,Jun,",29"
2011,Jun,",36"
2011,Jun,",21"
2011,Jun,",32"
2011,Jul,",14"
2011,Jul,",18"
2011,Jul,",18"
2011,Jul,",13"
2011,Jul,",06"
2011,Ago,"-,03"
2011,Ago,"-,03"
2011,Ago,"-,09"
2011,Ago,",07"
2011,Ago,",07"
2011,Sep,",31"
2011,Sep,",17"
2011,Sep,",30"
2011,Sep,",38"
2011,Sep,",38"
2011,Oct,",19"
2011,Oct,",09"
2011,Oct,",15"
2011,Oct,",30"
2011,Oct,",30"
2011,Nov,",14"
2011,Nov,",08"
2011,Nov,",12"
2011,Nov,",20"
2011,Nov,",20"
2011,Dic,",42"
2011,Dic,",45"
2011,Dic,",30"
2011,Dic,",42"
2011,Dic,",42"
2012,Ene,",57"
2012,Ene,",72"
2012,Ene,",82"
2012,Ene,",82"
2012,Ene,",73"
2012,Feb,",66"
2012,Feb,",47"
2012,Feb,",47"
2012,Feb,",76"
2012,Feb,",61"
2012,Mar,",10"
2012,Mar,",10"
2012,Mar,",13"
2012,Mar,",16"
2012,Mar,",12"
2012,Abr,",14"
2012,Abr,",16"
2012,Abr,",11"
2012,Abr,",20"
2012,Abr,",20"
2012,May,",29"
2012,May,",43"
2012,May,",43"
2012,May,",30"
2012,May,",06"
2012,Jun,",02"
2012,Jun,",08"
2012,Jun,",13"
2012,Jun,",03"
2012,Jun,",03"
2012,Jul,"-,03"
2012,Jul,"-,03"
2012,Jul,"-,02"
2012,Jul,"-,01"
2012,Jul,"-,01"
2012,Ago,",01"
2012,Ago,",04"
2012,Ago,",06"
2012,Ago,",08"
2012,Ago,",08"
2012,Sep,",28"
2012,Sep,",36"
2012,Sep,",27"
2012,Sep,",27"
2012,Sep,",29"
2012,Oct,",16"
2012,Oct,",16"
2012,Oct,",19"
2012,Oct,",19"
2012,Oct,",15"
2012,Nov,"-,14"
2012,Nov,"-,14"
2012,Nov,"-,11"
2012,Nov,"-,19"
2012,Nov,"-,19"
2012,Dic,",14"
2012,Dic,",04"
2012,Dic,",04"
2012,Dic,",09"
2012,Dic,",01"
2013,Ene,",31"
2013,Ene,",30"
2013,Ene,",31"
2013,Ene,",31"
2013,Ene,",24"
2013,Feb,",66"
2013,Feb,",45"
2013,Feb,",34"
2013,Feb,",34"
2013,Feb,",44"
2013,Mar,",21"
2013,Mar,",21"
2013,Mar,",18"
2013,Mar,",21"
2013,Mar,",28"
2013,Abr,",25"
2013,Abr,",28"
2013,Abr,",28"
2013,Abr,",25"
2013,Abr,",24"
2013,May,",28"
2013,May,",10"
2013,May,",27"
2013,May,",38"
2013,May,",38"
2013,Jun,",13"
2013,Jun,",23"
2013,Jun,",21"
2013,Jun,",30"
2013,Jun,",13"
2013,Jul,",06"
2013,Jul,",03"
2013,Jul,",09"
2013,Jul,",04"
2013,Jul,",06"
2013,Ago,",08"
2013,Ago,",07"
2013,Ago,",13"
2013,Ago,",08"
2013,Ago,",08"
2013,Sep,",17"
2013,Sep,",34"
2013,Sep,",37"
2013,Sep,",29"
2013,Sep,",17"
2013,Oct,"-,16"
2013,Oct,"-,26"
2013,Oct,"-,25"
2013,Oct,"-,32"
2013,Oct,"-,32"
2013,Nov,"-,17"
2013,Nov,"-,20"
2013,Nov,"-,26"
2013,Nov,"-,26"
2013,Nov,"-,22"
2013,Dic,",17"
2013,Dic,",29"
2013,Dic,",37"
2013,Dic,",26"
2013,Dic,",17"
2014,Ene,",50"
2014,Ene,",45"
2014,Ene,",54"
2014,Ene,",54"
2014,Ene,",49"
2014,Feb,",68"
2014,Feb,",76"
2014,Feb,",48"
2014,Feb,",48"
2014,Feb,",63"
2014,Mar,",51"
2014,Mar,",37"
2014,Mar,",23"
2014,Mar,",39"
2014,Mar,",51"
2014,Abr,",53"
2014,Abr,",53"
2014,Abr,",41"
2014,Abr,",43"
2014,Abr,",46"
2014,May,",48"
2014,May,",57"
2014,May,",57"
2014,May,",47"
2014,May,",36"
2014,Jun,",09"
2014,Jun,",06"
2014,Jun,",06"
2014,Jun,",12"
2014,Jun,",07"
2014,Jul,",23"
2014,Jul,",23"
2014,Jul,",13"
2014,Jul,",07"
2014,Jul,",15"
2014,Ago,",20"
2014,Ago,",20"
2014,Ago,",18"
2014,Ago,",18"
2014,Ago,",22"
2014,Sep,",16"
2014,Sep,",14"
2014,Sep,",11"
2014,Sep,",14"
2014,Sep,",11"
2014,Oct,",14"
2014,Oct,",14"
2014,Oct,",16"
2014,Oct,",23"
2014,Oct,",16"
2014,Nov,",17"
2014,Nov,",17"
2014,Nov,",13"
2014,Nov,",01"
2014,Nov,",14"
2014,Dic,",28"
2014,Dic,",30"
2014,Dic,",20"
2014,Dic,",20"
2014,Dic,",27"
2015,Ene,",64"
2015,Ene,",54"
2015,Ene,",55"
2015,Ene,",85"
2015,Ene,",85"
2015,Feb,"1,23"
2015,Feb,"1,23"
2015,Feb,"1,07"
2015,Feb,"1,29"
2015,Feb,"1,15"
2015,Mar,",78"
2015,Mar,",78"
2015,Mar,",52"
2015,Mar,",39"
2015,Mar,",59"
2015,Abr,",53"
2015,Abr,",52"
2015,Abr,",57"
2015,Abr,",57"
2015,Abr,",54"
2015,May,",05"
2015,May,",39"
2015,May,",25"
2015,May,",26"
2015,May,",05"
2015,Jun,",31"
2015,Jun,",10"
2015,Jun,",11"
2015,Jun,",00"
2015,Jun,",00"
2015,Jul,",18"
2015,Jul,",18"
2015,Jul,",17"
2015,Jul,",27"
2015,Jul,",19"
2015,Ago,",48"
2015,Ago,",59"
2015,Ago,",43"
2015,Ago,",43"
2015,Ago,",48"
2015,Sep,",79"
2015,Sep,",68"
2015,Sep,",74"
2015,Sep,",74"
2015,Sep,",72"
2015,Oct,",68"
2015,Oct,",60"
2015,Oct,",63"
2015,Oct,",81"
2015,Oct,",81"
2015,Nov,",60"
2015,Nov,",67"
2015,Nov,",67"
2015,Nov,",60"
2015,Nov,",46"
2015,Dic,",62"
2015,Dic,",72"
2015,Dic,",72"
2015,Dic,",59"
2015,Dic,",53"
2016,Ene,"1,06"
2016,Ene,"1,56"
2016,Ene,"1,19"
2016,Ene,"1,56"
2016,Ene,"1,29"
2016,Feb,"1,28"
2016,Feb,"1,18"
2016,Feb,"1,26"
2016,Feb,"1,35"
2016,Feb,"1,35"
2016,Mar,",94"
2016,Mar,",68"
2016,Mar,"1,11"
2016,Mar,"1,11"
2016,Mar,",91"
2016,Abr,",50"
2016,Abr,",79"
2016,Abr,",47"
2016,Abr,",42"
2016,Abr,",42"
2016,May,",51"
2016,May,",55"
2016,May,",42"
2016,May,",55"
2016,May,",51"
2016,Jun,",45"
2016,Jun,",45"
2016,Jun,",52"
2016,Jun,",39"
2016,Jun,",48"
2016,Jul,",52"
2016,Jul,",43"
2016,Jul,",69"
2016,Jul,",69"
2016,Jul,",48"
2016,Ago,"-,69"
2016,Ago,"-,69"
2016,Ago,"-,20"
2016,Ago,",07"
2016,Ago,"-,32"
2016,Sep,"-,19"
2016,Sep,"-,19"
2016,Sep,"-,04"
2016,Sep,",21"
2016,Sep,"-,05"
2016,Oct,"-,12"
2016,Oct,"-,12"
2016,Oct,"-,02"
2016,Oct,"-,07"
2016,Oct,"-,06"
2016,Nov,",02"
2016,Nov,",12"
2016,Nov,",13"
2016,Nov,",12"
2016,Nov,",11"
2016,Dic,",42"
2016,Dic,",43"
2016,Dic,",43"
2016,Dic,",43"
2016,Dic,",40"
2017,Ene,"1,02"
2017,Ene,"1,03"
2017,Ene,"1,02"
2017,Ene,"1,02"
2017,Ene,"1,02"
2017,Feb,"1,21"
2017,Feb,",91"
2017,Feb,"1,01"
2017,Feb,",91"
2017,Feb,"1,01"
2017,Mar,",51"
2017,Mar,",43"
2017,Mar,",47"
2017,Mar,",43"
2017,Mar,",47"
2017,Abr,",44"
2017,Abr,",47"
2017,Abr,",47"
2017,Abr,",47"
2017,Abr,",48"
2017,May,",24"
2017,May,",22"
2017,May,",23"
2017,May,",22"
2017,May,",23"
2017,Jun,",12"
2017,Jun,",02"
2017,Jun,",11"
2017,Jun,",02"
2017,Jun,",17"
2017,Jul,"-,01"
2017,Jul,"-,01"
2017,Jul,"-,05"
2017,Jul,"-,01"
2017,Jul,"-,09"
2017,Ago,",17"
2017,Ago,",11"
2017,Ago,",14"
2017,Ago,",11"
2017,Ago,",15"
2017,Sep,"-,05"
2017,Sep,"-,05"
2017,Sep,",04"
2017,Sep,",22"
2017,Sep,",05"
2017,Oct,"-,05"
2017,Oct,",13"
2017,Oct,",02"
2017,Oct,"-,05"
2017,Oct,",02"
2017,Nov,",21"
2017,Nov,",15"
2017,Nov,",15"
2017,Nov,",15"
2017,Nov,",18"
2017,Dic,",33"
2017,Dic,",33"
2017,Dic,",43"
2017,Dic,",38"
2017,Dic,",33"
2018,Ene,",52"
2018,Ene,",63"
2018,Ene,",64"
2018,Ene,",65"
2018,Ene,",65"
2018,Feb,",71"
2018,Feb,",70"
2018,Feb,",57"
2018,Feb,",57"
2018,Feb,"1,06"
2018,Mar,",24"
2018,Mar,",20"
2018,Mar,",26"
2018,Mar,",23"
2018,Mar,",23"
2018,Abr,",51"
2018,Abr,",48"
2018,Abr,",29"
2018,Abr,",46"
2018,Abr,",51"
2018,May,",25"
2018,May,",41"
2018,May,",27"
2018,May,",15"
2018,May,",15"
2018,Jun,",15"
2018,Jun,",12"
2018,Jun,",16"
2018,Jun,",17"
2018,Jun,",17"
2018,Jul,"-,09"
2018,Jul,"-,13"
2018,Jul,"-,12"
2018,Jul,"-,16"
2018,Jul,"-,16"
2018,Ago,",08"
2018,Ago,",11"
2018,Ago,",23"
2018,Ago,",12"
2018,Ago,",08"
2018,Sep,",17"
2018,Sep,",17"
2018,Sep,",16"
2018,Sep,",18"
2018,Sep,",16"
2018,Oct,",11"
2018,Oct,",11"
2018,Oct,",14"
2018,Oct,",07"
2018,Oct,",12"
2018,Nov,",15"
2018,Nov,",15"
2018,Nov,",13"
2018,Nov,",12"
2018,Nov,"-,02"
2018,Dic,",34"
2018,Dic,",34"
2018,Dic,",29"
2018,Dic,",21"
2018,Dic,",30"
2019,Ene,",63"
2019,Ene,",69"
2019,Ene,",61"
2019,Ene,",60"
2019,Ene,",51"
2019,Feb,",57"
2019,Feb,",44"
2019,Feb,",58"
2019,Feb,",65"
2019,Feb,",42"
2019,Mar,",43"
2019,Mar,",34"
2019,Mar,",45"
2019,Mar,",49"
2019,Mar,",50"
2019,Abr,",50"
2019,Abr,",61"
2019,Abr,",50"
2019,Abr,",42"
2019,Abr,",60"
2019,May,",31"
2019,May,",26"
2019,May,",31"
2019,May,",42"
2019,May,",40"
2019,Jun,",27"
2019,Jun,",35"
2019,Jun,",27"
2019,Jun,",21"
2019,Jun,",33"
2019,Jul,",22"
2019,Jul,",18"
2019,Jul,",22"
2019,Jul,",26"
2019,Jul,",28"
2019,Ago,",09"
2019,Ago,",04"
2019,Ago,",09"
2019,Ago,",12"
2019,Ago,",04"
2019,Sep,",23"
2019,Sep,",27"
2019,Sep,",23"
2019,Sep,",14"
2019,Sep,",15"
2019,Oct,",16"
2019,Oct,",16"
2019,Oct,",16"
2019,Oct,",16"
2019,Oct,",16"
2019,Nov,",14"
2019,Nov,",09"
2019,Nov,",08"
2019,Nov,",10"
2019,Nov,",10"
2019,Dic,",22"
2019,Dic,",22"
2019,Dic,",26"
2019,Dic,",31"
2019,Dic,",25"
2020,Ene,",51"
2020,Ene,",50"
2020,Ene,",42"
2020,Ene,",34"
2020,Ene,",43"